source_file,reason
images/fish-commercial-raw/Cabezon_242520461.jpg,rejected-qc
images/fish-commercial-raw/Cabezon_248766991.jpg,rejected-qc
images/fish-commercial-raw/Cabezon_316410495.jpg,rejected-qc
images/fish-commercial-raw/Cabezon_344850435.jpeg,rejected-qc
images/fish-commercial-raw/Cabezon_398456621.jpg,rejected-qc
images/fish-commercial-raw/Cabezon_556522989.jpg,rejected-qc
images/fish-commercial-raw/Cabezon_597850716.jpg,rejected-qc
images/fish-commercial-raw/Cabezon_604331707.jpg,rejected-qc
images/fish-commercial-raw/Cabezon_609256363.jpg,rejected-qc
images/fish-commercial-raw/Chinook_Salmon_153564211.jpg,rejected-qc
images/fish-commercial-raw/Chinook_Salmon_164662590.jpeg,rejected-qc
images/fish-commercial-raw/Chinook_Salmon_165590425.jpg,rejected-qc
images/fish-commercial-raw/Chinook_Salmon_228224672.jpg,rejected-qc
images/fish-commercial-raw/Chinook_Salmon_232157559.jpg,rejected-qc
images/fish-commercial-raw/Chinook_Salmon_238782406.jpeg,rejected-qc
images/fish-commercial-raw/Chinook_Salmon_26258915.jpg,rejected-qc
images/fish-commercial-raw/Chinook_Salmon_292907623.jpeg,rejected-qc
images/fish-commercial-raw/Chinook_Salmon_299061437.jpeg,rejected-qc
images/fish-commercial-raw/Chinook_Salmon_300301894.jpg,rejected-qc
images/fish-commercial-raw/Chinook_Salmon_307644583.jpg,rejected-qc
images/fish-commercial-raw/Chinook_Salmon_311027944.jpeg,rejected-qc
images/fish-commercial-raw/Chinook_Salmon_325134014.jpg,rejected-qc
images/fish-commercial-raw/Chinook_Salmon_327820436.jpg,rejected-qc
images/fish-commercial-raw/Chinook_Salmon_329268636.jpeg,rejected-qc
images/fish-commercial-raw/Chinook_Salmon_336023662.jpg,rejected-qc
images/fish-commercial-raw/Chinook_Salmon_336153319.jpg,rejected-qc
images/fish-commercial-raw/Chinook_Salmon_337957939.jpg,rejected-qc
images/fish-commercial-raw/Chinook_Salmon_341350148.jpeg,rejected-qc
images/fish-commercial-raw/Chinook_Salmon_342139812.jpg,rejected-qc
images/fish-commercial-raw/Chinook_Salmon_346313508.jpeg,rejected-qc
images/fish-commercial-raw/Chinook_Salmon_3556311.jpg,rejected-qc
images/fish-commercial-raw/Chinook_Salmon_39282325.jpeg,rejected-qc
images/fish-commercial-raw/Chinook_Salmon_399040676.jpg,rejected-qc
images/fish-commercial-raw/Chinook_Salmon_404823993.jpeg,rejected-qc
images/fish-commercial-raw/Chinook_Salmon_4105218.jpeg,rejected-qc
images/fish-commercial-raw/Chinook_Salmon_422339841.jpeg,rejected-qc
images/fish-commercial-raw/Chinook_Salmon_424048939.jpeg,rejected-qc
images/fish-commercial-raw/Chinook_Salmon_432626885.jpeg,rejected-qc
images/fish-commercial-raw/Chinook_Salmon_439564876.jpeg,rejected-qc
images/fish-commercial-raw/Chinook_Salmon_441325747.jpeg,rejected-qc
images/fish-commercial-raw/Chinook_Salmon_441988469.jpeg,rejected-qc
images/fish-commercial-raw/Chinook_Salmon_445280976.jpeg,rejected-qc
images/fish-commercial-raw/Chinook_Salmon_448783243.jpeg,rejected-qc
images/fish-commercial-raw/Chinook_Salmon_451670611.jpeg,rejected-qc
images/fish-commercial-raw/Chinook_Salmon_453843137.jpeg,rejected-qc
images/fish-commercial-raw/Chinook_Salmon_454093968.jpeg,rejected-qc
images/fish-commercial-raw/Chinook_Salmon_455345215.jpg,rejected-qc
images/fish-commercial-raw/Chinook_Salmon_459328950.jpeg,rejected-qc
images/fish-commercial-raw/Chinook_Salmon_467744270.jpg,rejected-qc
images/fish-commercial-raw/Chinook_Salmon_473321808.jpeg,rejected-qc
images/fish-commercial-raw/Chinook_Salmon_477848206.jpeg,rejected-qc
images/fish-commercial-raw/Chinook_Salmon_477938824.jpeg,rejected-qc
images/fish-commercial-raw/Chinook_Salmon_503610311.jpg,rejected-qc
images/fish-commercial-raw/Chinook_Salmon_508447033.jpg,rejected-qc
images/fish-commercial-raw/Chinook_Salmon_51082860.jpg,rejected-qc
images/fish-commercial-raw/Chinook_Salmon_523629091.jpg,rejected-qc
images/fish-commercial-raw/Chinook_Salmon_53005165.jpg,rejected-qc
images/fish-commercial-raw/Chinook_Salmon_53288130.jpg,rejected-qc
images/fish-commercial-raw/Chinook_Salmon_550797119.jpg,rejected-qc
images/fish-commercial-raw/Chinook_Salmon_554029951.jpg,rejected-qc
images/fish-commercial-raw/Chinook_Salmon_555176271.jpg,rejected-qc
images/fish-commercial-raw/Chinook_Salmon_555176667.jpg,rejected-qc
images/fish-commercial-raw/Chinook_Salmon_563917012.jpg,rejected-qc
images/fish-commercial-raw/Chinook_Salmon_566447421.jpg,rejected-qc
images/fish-commercial-raw/Chinook_Salmon_577168257.jpg,rejected-qc
images/fish-commercial-raw/Chinook_Salmon_581425573.jpg,rejected-qc
images/fish-commercial-raw/Chinook_Salmon_58251008.jpg,rejected-qc
images/fish-commercial-raw/Chinook_Salmon_591416188.jpg,rejected-qc
images/fish-commercial-raw/Chinook_Salmon_596351964.jpg,rejected-qc
images/fish-commercial-raw/Chinook_Salmon_615375552.jpg,rejected-qc
images/fish-commercial-raw/Chinook_Salmon_9515536.jpeg,rejected-qc
images/fish-commercial-raw/Chinook_Salmon_97138835.jpg,rejected-qc
images/fish-commercial-raw/Chinook_Salmon_9789323.jpg,rejected-qc
images/fish-commercial-raw/Chum_Salmon_100423039.jpg,rejected-qc
images/fish-commercial-raw/Chum_Salmon_102943704.jpg,rejected-qc
images/fish-commercial-raw/Chum_Salmon_103396217.jpg,rejected-qc
images/fish-commercial-raw/Chum_Salmon_103656398.jpeg,rejected-qc
images/fish-commercial-raw/Chum_Salmon_103766329.jpeg,rejected-qc
images/fish-commercial-raw/Chum_Salmon_104399144.jpg,rejected-qc
images/fish-commercial-raw/Chum_Salmon_106182990.jpeg,rejected-qc
images/fish-commercial-raw/Chum_Salmon_109478016.jpeg,rejected-qc
images/fish-commercial-raw/Chum_Salmon_144379798.jpg,rejected-qc
images/fish-commercial-raw/Chum_Salmon_166842267.jpeg,rejected-qc
images/fish-commercial-raw/Chum_Salmon_219221823.jpg,rejected-qc
images/fish-commercial-raw/Chum_Salmon_230779580.jpeg,rejected-qc
images/fish-commercial-raw/Chum_Salmon_236420297.jpg,rejected-qc
images/fish-commercial-raw/Chum_Salmon_245451098.jpeg,rejected-qc
images/fish-commercial-raw/Chum_Salmon_246989379.jpeg,rejected-qc
images/fish-commercial-raw/Chum_Salmon_269505707.jpg,rejected-qc
images/fish-commercial-raw/Chum_Salmon_28903332.jpeg,rejected-qc
images/fish-commercial-raw/Chum_Salmon_302343935.jpeg,rejected-qc
images/fish-commercial-raw/Chum_Salmon_364928471.jpeg,rejected-qc
images/fish-commercial-raw/Chum_Salmon_378692772.jpeg,rejected-qc
images/fish-commercial-raw/Chum_Salmon_427644355.jpeg,rejected-qc
images/fish-commercial-raw/Chum_Salmon_444580513.jpeg,rejected-qc
images/fish-commercial-raw/Chum_Salmon_447748240.jpeg,rejected-qc
images/fish-commercial-raw/Chum_Salmon_449554277.jpeg,rejected-qc
images/fish-commercial-raw/Chum_Salmon_449647041.jpeg,rejected-qc
images/fish-commercial-raw/Chum_Salmon_48606376.jpeg,rejected-qc
images/fish-commercial-raw/Chum_Salmon_5435567.jpeg,rejected-qc
images/fish-commercial-raw/Chum_Salmon_590725697.jpg,rejected-qc
images/fish-commercial-raw/Chum_Salmon_594431775.jpg,rejected-qc
images/fish-commercial-raw/Coho_Salmon_10661823.jpg,rejected-qc
images/fish-commercial-raw/Coho_Salmon_127635203.jpeg,rejected-qc
images/fish-commercial-raw/Coho_Salmon_130633333.jpg,rejected-qc
images/fish-commercial-raw/Coho_Salmon_143324394.jpg,rejected-qc
images/fish-commercial-raw/Coho_Salmon_14894989.jpg,rejected-qc
images/fish-commercial-raw/Coho_Salmon_150137290.jpg,rejected-qc
images/fish-commercial-raw/Coho_Salmon_16262856.jpeg,rejected-qc
images/fish-commercial-raw/Coho_Salmon_173228440.jpeg,rejected-qc
images/fish-commercial-raw/Coho_Salmon_174345409.jpg,rejected-qc
images/fish-commercial-raw/Coho_Salmon_215214036.jpeg,rejected-qc
images/fish-commercial-raw/Coho_Salmon_223107846.jpeg,rejected-qc
images/fish-commercial-raw/Coho_Salmon_22702673.jpg,rejected-qc
images/fish-commercial-raw/Coho_Salmon_228082214.jpeg,rejected-qc
images/fish-commercial-raw/Coho_Salmon_242236227.jpg,rejected-qc
images/fish-commercial-raw/Coho_Salmon_245450648.jpeg,rejected-qc
images/fish-commercial-raw/Coho_Salmon_246748752.jpg,rejected-qc
images/fish-commercial-raw/Coho_Salmon_250182392.jpeg,rejected-qc
images/fish-commercial-raw/Coho_Salmon_250338251.jpg,rejected-qc
images/fish-commercial-raw/Coho_Salmon_253631338.jpg,rejected-qc
images/fish-commercial-raw/Coho_Salmon_25660770.jpg,rejected-qc
images/fish-commercial-raw/Coho_Salmon_267346598.jpeg,rejected-qc
images/fish-commercial-raw/Coho_Salmon_273976286.jpg,rejected-qc
images/fish-commercial-raw/Coho_Salmon_286725363.jpg,rejected-qc
images/fish-commercial-raw/Coho_Salmon_289608069.jpg,rejected-qc
images/fish-commercial-raw/Coho_Salmon_310087950.jpg,rejected-qc
images/fish-commercial-raw/Coho_Salmon_316180610.jpeg,rejected-qc
images/fish-commercial-raw/Coho_Salmon_333246695.jpg,rejected-qc
images/fish-commercial-raw/Coho_Salmon_340574658.jpg,rejected-qc
images/fish-commercial-raw/Coho_Salmon_342479800.jpg,rejected-qc
images/fish-commercial-raw/Coho_Salmon_344588527.jpg,rejected-qc
images/fish-commercial-raw/Coho_Salmon_349703789.jpg,rejected-qc
images/fish-commercial-raw/Coho_Salmon_37189651.jpg,rejected-qc
images/fish-commercial-raw/Coho_Salmon_386766332.jpeg,rejected-qc
images/fish-commercial-raw/Coho_Salmon_404429389.jpeg,rejected-qc
images/fish-commercial-raw/Coho_Salmon_432142422.jpeg,rejected-qc
images/fish-commercial-raw/Coho_Salmon_432630027.jpeg,rejected-qc
images/fish-commercial-raw/Coho_Salmon_43373582.jpeg,rejected-qc
images/fish-commercial-raw/Coho_Salmon_447455617.jpeg,rejected-qc
images/fish-commercial-raw/Coho_Salmon_449993185.jpeg,rejected-qc
images/fish-commercial-raw/Coho_Salmon_451156144.jpeg,rejected-qc
images/fish-commercial-raw/Coho_Salmon_455175712.jpeg,rejected-qc
images/fish-commercial-raw/Coho_Salmon_458113734.jpg,rejected-qc
images/fish-commercial-raw/Coho_Salmon_480144973.jpeg,rejected-qc
images/fish-commercial-raw/Coho_Salmon_499432389.jpeg,rejected-qc
images/fish-commercial-raw/Coho_Salmon_502015467.jpg,rejected-qc
images/fish-commercial-raw/Coho_Salmon_50682805.jpeg,rejected-qc
images/fish-commercial-raw/Coho_Salmon_513750231.jpg,rejected-qc
images/fish-commercial-raw/Coho_Salmon_519618443.jpg,rejected-qc
images/fish-commercial-raw/Coho_Salmon_52661001.jpeg,rejected-qc
images/fish-commercial-raw/Coho_Salmon_538117193.jpg,rejected-qc
images/fish-commercial-raw/Coho_Salmon_547774583.jpg,rejected-qc
images/fish-commercial-raw/Coho_Salmon_551652766.jpg,rejected-qc
images/fish-commercial-raw/Coho_Salmon_55549411.jpg,rejected-qc
images/fish-commercial-raw/Coho_Salmon_590636926.jpg,rejected-qc
images/fish-commercial-raw/Coho_Salmon_608093500.jpg,rejected-qc
images/fish-commercial-raw/Coho_Salmon_74152680.jpg,rejected-qc
images/fish-commercial-raw/Coho_Salmon_9789367.jpg,rejected-qc
images/fish-commercial-raw/Copper_Rockfish_105924089.jpeg,rejected-qc
images/fish-commercial-raw/Copper_Rockfish_151539080.jpg,rejected-qc
images/fish-commercial-raw/Copper_Rockfish_196111958.jpg,rejected-qc
images/fish-commercial-raw/Copper_Rockfish_237787612.jpg,rejected-qc
images/fish-commercial-raw/Copper_Rockfish_239449412.jpg,rejected-qc
images/fish-commercial-raw/Copper_Rockfish_310147835.jpeg,rejected-qc
images/fish-commercial-raw/Copper_Rockfish_315376396.jpeg,rejected-qc
images/fish-commercial-raw/Copper_Rockfish_330278720.jpeg,rejected-qc
images/fish-commercial-raw/Copper_Rockfish_403047472.jpg,rejected-qc
images/fish-commercial-raw/Copper_Rockfish_503591154.jpeg,rejected-qc
images/fish-commercial-raw/Copper_Rockfish_503610022.jpg,rejected-qc
images/fish-commercial-raw/Copper_Rockfish_547749887.jpg,rejected-qc
images/fish-commercial-raw/Copper_Rockfish_550798826.jpg,rejected-qc
images/fish-commercial-raw/Copper_Rockfish_574288462.jpg,rejected-qc
images/fish-commercial-raw/Copper_Rockfish_9789605.jpg,rejected-qc
images/fish-commercial-raw/Lingcod_105929865.jpeg,rejected-qc
images/fish-commercial-raw/Lingcod_108675039.jpg,rejected-qc
images/fish-commercial-raw/Lingcod_1386694.jpeg,rejected-qc
images/fish-commercial-raw/Lingcod_141249726.jpeg,rejected-qc
images/fish-commercial-raw/Lingcod_143567598.jpeg,rejected-qc
images/fish-commercial-raw/Lingcod_147908329.jpg,rejected-qc
images/fish-commercial-raw/Lingcod_148613146.jpeg,rejected-qc
images/fish-commercial-raw/Lingcod_151539917.jpg,rejected-qc
images/fish-commercial-raw/Lingcod_17251545.jpg,rejected-qc
images/fish-commercial-raw/Lingcod_1736257.jpg,rejected-qc
images/fish-commercial-raw/Lingcod_190042370.jpg,rejected-qc
images/fish-commercial-raw/Lingcod_196032777.jpeg,rejected-qc
images/fish-commercial-raw/Lingcod_196342873.jpg,rejected-qc
images/fish-commercial-raw/Lingcod_197232598.jpeg,rejected-qc
images/fish-commercial-raw/Lingcod_198481428.jpg,rejected-qc
images/fish-commercial-raw/Lingcod_203446942.jpg,rejected-qc
images/fish-commercial-raw/Lingcod_209971707.jpg,rejected-qc
images/fish-commercial-raw/Lingcod_213421530.jpeg,rejected-qc
images/fish-commercial-raw/Lingcod_21614890.jpg,rejected-qc
images/fish-commercial-raw/Lingcod_226411839.jpg,rejected-qc
images/fish-commercial-raw/Lingcod_235033293.jpeg,rejected-qc
images/fish-commercial-raw/Lingcod_237202027.jpeg,rejected-qc
images/fish-commercial-raw/Lingcod_237787203.jpg,rejected-qc
images/fish-commercial-raw/Lingcod_242026257.jpeg,rejected-qc
images/fish-commercial-raw/Lingcod_250333154.jpg,rejected-qc
images/fish-commercial-raw/Lingcod_253180956.jpg,rejected-qc
images/fish-commercial-raw/Lingcod_258489200.jpeg,rejected-qc
images/fish-commercial-raw/Lingcod_290633651.jpeg,rejected-qc
images/fish-commercial-raw/Lingcod_299065294.jpeg,rejected-qc
images/fish-commercial-raw/Lingcod_300434651.jpeg,rejected-qc
images/fish-commercial-raw/Lingcod_334069138.jpeg,rejected-qc
images/fish-commercial-raw/Lingcod_339241081.jpg,rejected-qc
images/fish-commercial-raw/Lingcod_34326898.jpg,rejected-qc
images/fish-commercial-raw/Lingcod_399040699.jpg,rejected-qc
images/fish-commercial-raw/Lingcod_403821056.jpg,rejected-qc
images/fish-commercial-raw/Lingcod_442114487.jpeg,rejected-qc
images/fish-commercial-raw/Lingcod_45715733.jpeg,rejected-qc
images/fish-commercial-raw/Lingcod_4645846.jpg,rejected-qc
images/fish-commercial-raw/Lingcod_479701997.jpeg,rejected-qc
images/fish-commercial-raw/Lingcod_481718107.jpg,rejected-qc
images/fish-commercial-raw/Lingcod_490379745.jpeg,rejected-qc
images/fish-commercial-raw/Lingcod_494817231.jpeg,rejected-qc
images/fish-commercial-raw/Lingcod_500299184.jpeg,rejected-qc
images/fish-commercial-raw/Lingcod_503592150.jpeg,rejected-qc
images/fish-commercial-raw/Lingcod_552563576.jpg,rejected-qc
images/fish-commercial-raw/Lingcod_55596414.jpg,rejected-qc
images/fish-commercial-raw/Lingcod_557217088.jpg,rejected-qc
images/fish-commercial-raw/Lingcod_563428230.jpg,rejected-qc
images/fish-commercial-raw/Lingcod_564847451.jpg,rejected-qc
images/fish-commercial-raw/Lingcod_5914314.jpeg,rejected-qc
images/fish-commercial-raw/Lingcod_613267233.jpg,rejected-qc
images/fish-commercial-raw/Lingcod_77753757.jpg,rejected-qc
images/fish-commercial-raw/Northern_Anchovy_109687307.jpeg,rejected-qc
images/fish-commercial-raw/Northern_Anchovy_119920832.jpg,rejected-qc
images/fish-commercial-raw/Northern_Anchovy_145962626.jpeg,rejected-qc
images/fish-commercial-raw/Northern_Anchovy_178533504.jpg,rejected-qc
images/fish-commercial-raw/Northern_Anchovy_208888500.jpg,rejected-qc
images/fish-commercial-raw/Northern_Anchovy_21912358.jpg,rejected-qc
images/fish-commercial-raw/Northern_Anchovy_250029810.jpeg,rejected-qc
images/fish-commercial-raw/Northern_Anchovy_288701411.jpg,rejected-qc
images/fish-commercial-raw/Northern_Anchovy_31078321.jpeg,rejected-qc
images/fish-commercial-raw/Northern_Anchovy_330279035.jpeg,rejected-qc
images/fish-commercial-raw/Northern_Anchovy_412811897.jpeg,rejected-qc
images/fish-commercial-raw/Northern_Anchovy_430194288.jpeg,rejected-qc
images/fish-commercial-raw/Northern_Anchovy_508479135.jpg,rejected-qc
images/fish-commercial-raw/Northern_Anchovy_519347788.jpg,rejected-qc
images/fish-commercial-raw/Northern_Anchovy_524814130.jpg,rejected-qc
images/fish-commercial-raw/Northern_Anchovy_527793616.jpg,rejected-qc
images/fish-commercial-raw/Northern_Anchovy_528001276.jpg,rejected-qc
images/fish-commercial-raw/Northern_Anchovy_539362442.jpg,rejected-qc
images/fish-commercial-raw/Northern_Anchovy_556777567.jpg,rejected-qc
images/fish-commercial-raw/Northern_Anchovy_562005934.jpg,wrong-species-bird
images/fish-commercial-raw/Northern_Anchovy_589507633.jpg,rejected-qc
images/fish-commercial-raw/Northern_Anchovy_591753039.jpg,rejected-qc
images/fish-commercial-raw/Northern_Anchovy_611655835.jpg,rejected-qc
images/fish-commercial-raw/Northern_Anchovy_78085294.jpg,rejected-qc
images/fish-commercial-raw/Northern_Anchovy_86859737.jpeg,rejected-qc
images/fish-commercial-raw/Northern_Anchovy_88803845.jpg,rejected-qc
images/fish-commercial-raw/Pacific_Herring_110473073.jpg,rejected-qc
images/fish-commercial-raw/Pacific_Herring_111384753.jpeg,rejected-qc
images/fish-commercial-raw/Pacific_Herring_117853559.jpeg,rejected-qc
images/fish-commercial-raw/Pacific_Herring_158733970.jpeg,rejected-qc
images/fish-commercial-raw/Pacific_Herring_183305685.jpeg,herring-eggs
images/fish-commercial-raw/Pacific_Herring_183570708.jpeg,rejected-qc
images/fish-commercial-raw/Pacific_Herring_186247163.jpeg,herring-eggs
images/fish-commercial-raw/Pacific_Herring_187792787.jpeg,herring-eggs
images/fish-commercial-raw/Pacific_Herring_193595858.jpeg,rejected-qc
images/fish-commercial-raw/Pacific_Herring_228333503.jpg,rejected-qc
images/fish-commercial-raw/Pacific_Herring_244597314.jpg,rejected-qc
images/fish-commercial-raw/Pacific_Herring_330279109.jpeg,rejected-qc
images/fish-commercial-raw/Pacific_Herring_335271964.jpg,rejected-qc
images/fish-commercial-raw/Pacific_Herring_362487398.jpg,rejected-qc
images/fish-commercial-raw/Pacific_Herring_408059306.jpeg,fish-school
images/fish-commercial-raw/Pacific_Herring_410482611.jpeg,rejected-qc
images/fish-commercial-raw/Pacific_Herring_410700206.jpeg,rejected-qc
images/fish-commercial-raw/Pacific_Herring_455363823.jpeg,rejected-qc
images/fish-commercial-raw/Pacific_Herring_476302758.jpg,rejected-qc
images/fish-commercial-raw/Pacific_Herring_476839869.jpeg,herring-eggs
images/fish-commercial-raw/Pacific_Herring_476844698.jpeg,herring-eggs
images/fish-commercial-raw/Pacific_Herring_477834353.jpg,herring-eggs
images/fish-commercial-raw/Pacific_Herring_477844232.jpeg,herring-eggs
images/fish-commercial-raw/Pacific_Herring_478455558.jpeg,herring-eggs
images/fish-commercial-raw/Pacific_Herring_479978735.jpeg,wrong-species-bird
images/fish-commercial-raw/Pacific_Herring_487712586.jpeg,herring-eggs
images/fish-commercial-raw/Pacific_Herring_494527929.jpeg,rejected-qc
images/fish-commercial-raw/Pacific_Herring_496313751.jpeg,rejected-qc
images/fish-commercial-raw/Pacific_Herring_530555469.jpg,rejected-qc
images/fish-commercial-raw/Pacific_Herring_550620322.jpg,rejected-qc
images/fish-commercial-raw/Pacific_Herring_550797035.jpg,rejected-qc
images/fish-commercial-raw/Pacific_Herring_580585422.jpg,rejected-qc
images/fish-commercial-raw/Pacific_Herring_58450730.jpeg,rejected-qc
images/fish-commercial-raw/Pacific_Herring_620474617.jpg,rejected-qc
images/fish-commercial-raw/Pacific_Herring_63426146.jpeg,herring-eggs
images/fish-commercial-raw/Pacific_Herring_81842137.jpg,rejected-qc
images/fish-commercial-raw/Pacific_Herring_8577577.jpg,rejected-qc
images/fish-commercial-raw/Pacific_Sand_Lance_145445219.jpeg,rejected-qc
images/fish-commercial-raw/Pacific_Sand_Lance_164358559.jpeg,fish-school
images/fish-commercial-raw/Pacific_Sand_Lance_187803364.jpeg,rejected-qc
images/fish-commercial-raw/Pacific_Sand_Lance_200799017.jpeg,rejected-qc
images/fish-commercial-raw/Pacific_Sand_Lance_206684727.jpeg,rejected-qc
images/fish-commercial-raw/Pacific_Sand_Lance_207852123.jpg,rejected-qc
images/fish-commercial-raw/Pacific_Sand_Lance_213193045.jpg,rejected-qc
images/fish-commercial-raw/Pacific_Sand_Lance_214386252.jpeg,rejected-qc
images/fish-commercial-raw/Pacific_Sand_Lance_217164979.jpg,rejected-qc
images/fish-commercial-raw/Pacific_Sand_Lance_217856331.jpg,rejected-qc
images/fish-commercial-raw/Pacific_Sand_Lance_277953731.jpg,rejected-qc
images/fish-commercial-raw/Pacific_Sand_Lance_306570499.jpg,rejected-qc
images/fish-commercial-raw/Pacific_Sand_Lance_387883227.jpeg,rejected-qc
images/fish-commercial-raw/Pacific_Sand_Lance_394999277.jpeg,rejected-qc
images/fish-commercial-raw/Pacific_Sand_Lance_4011747.jpg,rejected-qc
images/fish-commercial-raw/Pacific_Sand_Lance_402874751.jpg,rejected-qc
images/fish-commercial-raw/Pacific_Sand_Lance_406831909.jpeg,wrong-species-bird
images/fish-commercial-raw/Pacific_Sand_Lance_408935631.jpeg,rejected-qc
images/fish-commercial-raw/Pacific_Sand_Lance_446389211.jpeg,rejected-qc
images/fish-commercial-raw/Pacific_Sand_Lance_512743594.jpg,rejected-qc
images/fish-commercial-raw/Pacific_Sand_Lance_519958246.jpg,rejected-qc
images/fish-commercial-raw/Pacific_Sand_Lance_524575157.jpg,rejected-qc
images/fish-commercial-raw/Pacific_Sand_Lance_530789119.jpg,rejected-qc
images/fish-commercial-raw/Pacific_Sand_Lance_593741612.jpg,rejected-qc
images/fish-commercial-raw/Pacific_Sand_Lance_77445838.jpg,rejected-qc
images/fish-commercial-raw/Pacific_Sand_Lance_80543324.jpg,rejected-qc
images/fish-commercial-raw/Pacific_Sand_Lance_85314939.jpg,rejected-qc
images/fish-commercial-raw/Pink_Salmon_1077750.jpg,fish-school
images/fish-commercial-raw/Pink_Salmon_109006122.jpeg,rejected-qc
images/fish-commercial-raw/Pink_Salmon_1118067.jpg,rejected-qc
images/fish-commercial-raw/Pink_Salmon_1118067.jpg,wrong-species-bird
images/fish-commercial-raw/Pink_Salmon_153834401.jpeg,rejected-qc
images/fish-commercial-raw/Pink_Salmon_159294807.jpeg,rejected-qc
images/fish-commercial-raw/Pink_Salmon_162453024.jpg,rejected-qc
images/fish-commercial-raw/Pink_Salmon_162499252.jpg,rejected-qc
images/fish-commercial-raw/Pink_Salmon_163156762.jpg,rejected-qc
images/fish-commercial-raw/Pink_Salmon_165451435.jpg,rejected-qc
images/fish-commercial-raw/Pink_Salmon_166755591.jpeg,rejected-qc
images/fish-commercial-raw/Pink_Salmon_1720024.jpeg,rejected-qc
images/fish-commercial-raw/Pink_Salmon_174902029.jpg,rejected-qc
images/fish-commercial-raw/Pink_Salmon_176717518.jpg,rejected-qc
images/fish-commercial-raw/Pink_Salmon_17859108.jpg,rejected-qc
images/fish-commercial-raw/Pink_Salmon_21614735.jpg,rejected-qc
images/fish-commercial-raw/Pink_Salmon_216724343.jpeg,fish-school
images/fish-commercial-raw/Pink_Salmon_217652937.jpg,rejected-qc
images/fish-commercial-raw/Pink_Salmon_217927211.jpg,rejected-qc
images/fish-commercial-raw/Pink_Salmon_227996930.jpg,rejected-qc
images/fish-commercial-raw/Pink_Salmon_228526411.jpeg,rejected-qc
images/fish-commercial-raw/Pink_Salmon_229844553.jpg,rejected-qc
images/fish-commercial-raw/Pink_Salmon_229898442.jpg,rejected-qc
images/fish-commercial-raw/Pink_Salmon_230732828.jpeg,rejected-qc
images/fish-commercial-raw/Pink_Salmon_233457808.jpeg,rejected-qc
images/fish-commercial-raw/Pink_Salmon_234038234.jpeg,rejected-qc
images/fish-commercial-raw/Pink_Salmon_239965042.jpeg,rejected-qc
images/fish-commercial-raw/Pink_Salmon_25034321.jpeg,rejected-qc
images/fish-commercial-raw/Pink_Salmon_25264105.jpeg,rejected-qc
images/fish-commercial-raw/Pink_Salmon_256785857.jpeg,rejected-qc
images/fish-commercial-raw/Pink_Salmon_26668999.jpg,rejected-qc
images/fish-commercial-raw/Pink_Salmon_305328295.jpg,rejected-qc
images/fish-commercial-raw/Pink_Salmon_305888684.jpg,rejected-qc
images/fish-commercial-raw/Pink_Salmon_310518010.jpg,rejected-qc
images/fish-commercial-raw/Pink_Salmon_310785741.jpg,rejected-qc
images/fish-commercial-raw/Pink_Salmon_315679240.jpeg,rejected-qc
images/fish-commercial-raw/Pink_Salmon_316586181.jpg,fish-school
images/fish-commercial-raw/Pink_Salmon_317277493.jpeg,rejected-qc
images/fish-commercial-raw/Pink_Salmon_320428942.jpg,rejected-qc
images/fish-commercial-raw/Pink_Salmon_323199646.jpeg,rejected-qc
images/fish-commercial-raw/Pink_Salmon_324270157.jpg,rejected-qc
images/fish-commercial-raw/Pink_Salmon_324313982.jpg,rejected-qc
images/fish-commercial-raw/Pink_Salmon_324569745.jpeg,rejected-qc
images/fish-commercial-raw/Pink_Salmon_327250446.jpg,rejected-qc
images/fish-commercial-raw/Pink_Salmon_329888661.jpg,rejected-qc
images/fish-commercial-raw/Pink_Salmon_338111803.jpeg,fish-school
images/fish-commercial-raw/Pink_Salmon_342503152.jpg,rejected-qc
images/fish-commercial-raw/Pink_Salmon_348771577.jpg,fish-school
images/fish-commercial-raw/Pink_Salmon_364928661.jpeg,rejected-qc
images/fish-commercial-raw/Pink_Salmon_371933627.jpg,rejected-qc
images/fish-commercial-raw/Pink_Salmon_407315507.jpeg,rejected-qc
images/fish-commercial-raw/Pink_Salmon_420589483.jpeg,rejected-qc
images/fish-commercial-raw/Pink_Salmon_423308034.jpeg,rejected-qc
images/fish-commercial-raw/Pink_Salmon_427673343.jpeg,rejected-qc
images/fish-commercial-raw/Pink_Salmon_429510826.jpeg,rejected-qc
images/fish-commercial-raw/Pink_Salmon_432396858.jpg,rejected-qc
images/fish-commercial-raw/Pink_Salmon_436498238.jpeg,rejected-qc
images/fish-commercial-raw/Pink_Salmon_438797680.jpg,rejected-qc
images/fish-commercial-raw/Pink_Salmon_445846798.jpeg,rejected-qc
images/fish-commercial-raw/Pink_Salmon_446593902.jpeg,rejected-qc
images/fish-commercial-raw/Pink_Salmon_44786432.jpg,rejected-qc
images/fish-commercial-raw/Pink_Salmon_45835717.jpg,rejected-qc
images/fish-commercial-raw/Pink_Salmon_480077.jpeg,fish-school
images/fish-commercial-raw/Pink_Salmon_50432179.jpg,rejected-qc
images/fish-commercial-raw/Pink_Salmon_51973470.jpg,rejected-qc
images/fish-commercial-raw/Pink_Salmon_52134599.jpeg,rejected-qc
images/fish-commercial-raw/Pink_Salmon_52661472.jpg,rejected-qc
images/fish-commercial-raw/Pink_Salmon_52661495.jpg,rejected-qc
images/fish-commercial-raw/Pink_Salmon_53496028.jpg,rejected-qc
images/fish-commercial-raw/Pink_Salmon_536697517.jpg,rejected-qc
images/fish-commercial-raw/Pink_Salmon_540254854.jpg,rejected-qc
images/fish-commercial-raw/Pink_Salmon_548056564.jpg,rejected-qc
images/fish-commercial-raw/Pink_Salmon_550731954.jpg,rejected-qc
images/fish-commercial-raw/Pink_Salmon_550966180.jpg,rejected-qc
images/fish-commercial-raw/Pink_Salmon_55599635.jpg,rejected-qc
images/fish-commercial-raw/Pink_Salmon_55870473.jpeg,rejected-qc
images/fish-commercial-raw/Pink_Salmon_558746832.jpg,rejected-qc
images/fish-commercial-raw/Pink_Salmon_560684265.jpg,rejected-qc
images/fish-commercial-raw/Pink_Salmon_565205915.jpg,rejected-qc
images/fish-commercial-raw/Pink_Salmon_566175057.jpg,rejected-qc
images/fish-commercial-raw/Pink_Salmon_568788138.jpg,rejected-qc
images/fish-commercial-raw/Pink_Salmon_569527151.jpg,rejected-qc
images/fish-commercial-raw/Pink_Salmon_56997614.jpg,rejected-qc
images/fish-commercial-raw/Pink_Salmon_571018934.jpg,rejected-qc
images/fish-commercial-raw/Pink_Salmon_572509443.jpg,rejected-qc
images/fish-commercial-raw/Pink_Salmon_573534150.jpg,rejected-qc
images/fish-commercial-raw/Pink_Salmon_574109572.jpg,rejected-qc
images/fish-commercial-raw/Pink_Salmon_577442584.jpg,rejected-qc
images/fish-commercial-raw/Pink_Salmon_582663873.jpg,rejected-qc
images/fish-commercial-raw/Pink_Salmon_594249266.jpg,rejected-qc
images/fish-commercial-raw/Pink_Salmon_602186204.jpg,rejected-qc
images/fish-commercial-raw/Pink_Salmon_603519578.jpg,rejected-qc
images/fish-commercial-raw/Pink_Salmon_605068317.jpg,rejected-qc
images/fish-commercial-raw/Pink_Salmon_91133416.jpg,rejected-qc
images/fish-commercial-raw/Pink_Salmon_92316668.jpg,fish-school
images/fish-commercial-raw/Pink_Salmon_9789828.jpeg,rejected-qc
images/fish-commercial-raw/Pink_Salmon_99805280.jpeg,rejected-qc
images/fish-commercial-raw/Quillback_Rockfish_135188188.jpeg,rejected-qc
images/fish-commercial-raw/Quillback_Rockfish_151559734.jpg,rejected-qc
images/fish-commercial-raw/Quillback_Rockfish_237787360.jpg,rejected-qc
images/fish-commercial-raw/Quillback_Rockfish_413189574.jpeg,rejected-qc
images/fish-commercial-raw/Quillback_Rockfish_415270339.jpeg,rejected-qc
images/fish-commercial-raw/Quillback_Rockfish_465631611.jpeg,rejected-qc
images/fish-commercial-raw/Quillback_Rockfish_550560882.jpg,rejected-qc
images/fish-commercial-raw/Quillback_Rockfish_585121899.jpg,rejected-qc
images/fish-commercial-raw/Sockeye_Salmon_10536288.jpg,rejected-qc
images/fish-commercial-raw/Sockeye_Salmon_10930604.jpeg,rejected-qc
images/fish-commercial-raw/Sockeye_Salmon_112963727.jpeg,rejected-qc
images/fish-commercial-raw/Sockeye_Salmon_115954300.jpg,rejected-qc
images/fish-commercial-raw/Sockeye_Salmon_11927767.jpeg,rejected-qc
images/fish-commercial-raw/Sockeye_Salmon_12973634.jpg,rejected-qc
images/fish-commercial-raw/Sockeye_Salmon_134791091.jpeg,rejected-qc
images/fish-commercial-raw/Sockeye_Salmon_135545151.jpg,rejected-qc
images/fish-commercial-raw/Sockeye_Salmon_147029255.jpeg,rejected-qc
images/fish-commercial-raw/Sockeye_Salmon_147146975.jpeg,rejected-qc
images/fish-commercial-raw/Sockeye_Salmon_153567032.jpg,rejected-qc
images/fish-commercial-raw/Sockeye_Salmon_158973840.jpg,rejected-qc
images/fish-commercial-raw/Sockeye_Salmon_159713713.jpg,rejected-qc
images/fish-commercial-raw/Sockeye_Salmon_161027078.jpeg,rejected-qc
images/fish-commercial-raw/Sockeye_Salmon_161953264.jpeg,rejected-qc
images/fish-commercial-raw/Sockeye_Salmon_162102989.jpg,rejected-qc
images/fish-commercial-raw/Sockeye_Salmon_163530430.jpeg,rejected-qc
images/fish-commercial-raw/Sockeye_Salmon_166193294.jpeg,rejected-qc
images/fish-commercial-raw/Sockeye_Salmon_168410960.jpg,rejected-qc
images/fish-commercial-raw/Sockeye_Salmon_177550411.jpeg,rejected-qc
images/fish-commercial-raw/Sockeye_Salmon_177550430.jpeg,rejected-qc
images/fish-commercial-raw/Sockeye_Salmon_177550477.jpeg,rejected-qc
images/fish-commercial-raw/Sockeye_Salmon_209705308.jpg,rejected-qc
images/fish-commercial-raw/Sockeye_Salmon_211810503.jpg,rejected-qc
images/fish-commercial-raw/Sockeye_Salmon_227925224.jpg,rejected-qc
images/fish-commercial-raw/Sockeye_Salmon_227925251.jpg,rejected-qc
images/fish-commercial-raw/Sockeye_Salmon_231580908.jpg,rejected-qc
images/fish-commercial-raw/Sockeye_Salmon_233474458.jpg,rejected-qc
images/fish-commercial-raw/Sockeye_Salmon_234446386.jpeg,rejected-qc
images/fish-commercial-raw/Sockeye_Salmon_237913941.jpg,rejected-qc
images/fish-commercial-raw/Sockeye_Salmon_238399721.jpeg,rejected-qc
images/fish-commercial-raw/Sockeye_Salmon_238712969.jpeg,rejected-qc
images/fish-commercial-raw/Sockeye_Salmon_238713215.jpeg,rejected-qc
images/fish-commercial-raw/Sockeye_Salmon_24034816.jpeg,rejected-qc
images/fish-commercial-raw/Sockeye_Salmon_242691952.jpg,rejected-qc
images/fish-commercial-raw/Sockeye_Salmon_243114504.jpg,rejected-qc
images/fish-commercial-raw/Sockeye_Salmon_246989393.jpeg,rejected-qc
images/fish-commercial-raw/Sockeye_Salmon_249750953.jpg,rejected-qc
images/fish-commercial-raw/Sockeye_Salmon_25086301.jpg,rejected-qc
images/fish-commercial-raw/Sockeye_Salmon_2740836.jpeg,rejected-qc
images/fish-commercial-raw/Sockeye_Salmon_28398281.jpeg,rejected-qc
images/fish-commercial-raw/Sockeye_Salmon_28667742.jpeg,rejected-qc
images/fish-commercial-raw/Sockeye_Salmon_30362912.jpeg,rejected-qc
images/fish-commercial-raw/Sockeye_Salmon_304572997.jpg,rejected-qc
images/fish-commercial-raw/Sockeye_Salmon_308508009.jpeg,rejected-qc
images/fish-commercial-raw/Sockeye_Salmon_315922957.jpeg,rejected-qc
images/fish-commercial-raw/Sockeye_Salmon_317771874.jpg,rejected-qc
images/fish-commercial-raw/Sockeye_Salmon_318651883.jpeg,rejected-qc
images/fish-commercial-raw/Sockeye_Salmon_319545831.jpeg,rejected-qc
images/fish-commercial-raw/Sockeye_Salmon_331528663.jpeg,rejected-qc
images/fish-commercial-raw/Sockeye_Salmon_350389354.jpeg,rejected-qc
images/fish-commercial-raw/Sockeye_Salmon_381198740.jpeg,rejected-qc
images/fish-commercial-raw/Sockeye_Salmon_390964793.jpeg,rejected-qc
images/fish-commercial-raw/Sockeye_Salmon_403821634.jpg,rejected-qc
images/fish-commercial-raw/Sockeye_Salmon_408265817.jpeg,fish-school
images/fish-commercial-raw/Sockeye_Salmon_409147239.jpeg,rejected-qc
images/fish-commercial-raw/Sockeye_Salmon_410093879.jpeg,rejected-qc
images/fish-commercial-raw/Sockeye_Salmon_428388601.jpg,rejected-qc
images/fish-commercial-raw/Sockeye_Salmon_441079316.jpeg,rejected-qc
images/fish-commercial-raw/Sockeye_Salmon_44785746.jpg,rejected-qc
images/fish-commercial-raw/Sockeye_Salmon_455408977.jpeg,rejected-qc
images/fish-commercial-raw/Sockeye_Salmon_459595488.jpg,rejected-qc
images/fish-commercial-raw/Sockeye_Salmon_46406624.jpg,rejected-qc
images/fish-commercial-raw/Sockeye_Salmon_47692342.jpeg,rejected-qc
images/fish-commercial-raw/Sockeye_Salmon_478494734.jpeg,rejected-qc
images/fish-commercial-raw/Sockeye_Salmon_514482193.jpg,rejected-qc
images/fish-commercial-raw/Sockeye_Salmon_523646839.jpg,rejected-qc
images/fish-commercial-raw/Sockeye_Salmon_53840057.jpeg,rejected-qc
images/fish-commercial-raw/Sockeye_Salmon_543010270.jpg,rejected-qc
images/fish-commercial-raw/Sockeye_Salmon_550493906.jpg,rejected-qc
images/fish-commercial-raw/Sockeye_Salmon_555654408.jpg,fish-school
images/fish-commercial-raw/Sockeye_Salmon_557314196.jpg,rejected-qc
images/fish-commercial-raw/Sockeye_Salmon_563749605.jpg,rejected-qc
images/fish-commercial-raw/Sockeye_Salmon_568449590.jpg,rejected-qc
images/fish-commercial-raw/Sockeye_Salmon_569825566.jpg,rejected-qc
images/fish-commercial-raw/Sockeye_Salmon_571233882.jpg,rejected-qc
images/fish-commercial-raw/Sockeye_Salmon_573977437.jpg,rejected-qc
images/fish-commercial-raw/Sockeye_Salmon_574489347.jpg,rejected-qc
images/fish-commercial-raw/Sockeye_Salmon_576625788.jpg,rejected-qc
images/fish-commercial-raw/Sockeye_Salmon_577842885.jpg,rejected-qc
images/fish-commercial-raw/Sockeye_Salmon_591794566.jpg,rejected-qc
images/fish-commercial-raw/Sockeye_Salmon_595977931.jpg,rejected-qc
images/fish-commercial-raw/Sockeye_Salmon_603825217.jpg,wrong-species-bird
images/fish-commercial-raw/Sockeye_Salmon_603939869.jpg,rejected-qc
images/fish-commercial-raw/Sockeye_Salmon_616700464.jpg,fish-school
images/fish-commercial-raw/Sockeye_Salmon_73126752.jpeg,rejected-qc
